{
  "test": [
    0.07513696700334549,
    0.9555041790008545,
    0.7864661812782288,
    0.8333333134651184
  ],
  "train": [
    0.04785773530602455,
    0.9877608418464661,
    0.9124818444252014,
    0.9378882050514221
  ],
  "valid": [
    0.059943582862615585,
    0.9677640795707703,
    0.788139820098877,
    0.8518518805503845
  ]
}