{
  "test": [
    0.12754173576831818,
    0.9168380498886108,
    0.6721267104148865,
    0.7962962985038757
  ],
  "train": [
    0.03970355913043022,
    0.9943385124206543,
    0.8796453475952148,
    0.9192546606063843
  ],
  "valid": [
    0.05858994275331497,
    0.9687071442604065,
    0.8093063831329346,
    0.8703703880310059
  ]
}