{
  "test": [
    0.08343087881803513,
    0.9368999004364014,
    0.6854469180107117,
    0.7777777910232544
  ],
  "train": [
    0.04529264569282532,
    0.9866324067115784,
    0.873097836971283,
    0.9006211161613464
  ],
  "valid": [
    0.09487622231245041,
    0.9258401989936829,
    0.7210369110107422,
    0.7962962985038757
  ]
}