{
  "test": [
    0.051940854638814926,
    0.9793521165847778,
    0.9056956171989441,
    0.9245283007621765
  ],
  "train": [
    0.04250163957476616,
    0.9857205152511597,
    0.9181065559387207,
    0.9382715821266174
  ],
  "valid": [
    0.06103983521461487,
    0.9762516617774963,
    0.8359081149101257,
    0.8703703880310059
  ]
}