{
  "test": [
    0.10567255318164825,
    0.9111797213554382,
    0.6961027979850769,
    0.7962962985038757
  ],
  "train": [
    0.03562016040086746,
    0.9929882884025574,
    0.8993746638298035,
    0.9192546606063843
  ],
  "valid": [
    0.08699660003185272,
    0.9308985471725464,
    0.7235981822013855,
    0.7777777910232544
  ]
}