{
  "test": [
    0.08104511350393295,
    0.9350994229316711,
    0.773664653301239,
    0.8333333134651184
  ],
  "train": [
    0.06325298547744751,
    0.9764862060546875,
    0.834652841091156,
    0.888198733329773
  ],
  "valid": [
    0.07657748460769653,
    0.9545611143112183,
    0.8416459560394287,
    0.8703703880310059
  ]
}