{
  "test": [
    0.06284844130277634,
    0.9651063680648804,
    0.8640211224555969,
    0.8888888955116272
  ],
  "train": [
    0.03845437243580818,
    0.9892070293426514,
    0.9260356426239014,
    0.9444444179534912
  ],
  "valid": [
    0.04751572385430336,
    0.990388035774231,
    0.8918192982673645,
    0.9056603908538818
  ]
}