{
  "test": [
    0.053030285984277725,
    0.9783093929290771,
    0.8700264096260071,
    0.9074074029922485
  ],
  "train": [
    0.0361645370721817,
    0.9894583821296692,
    0.9323273301124573,
    0.9440993666648865
  ],
  "valid": [
    0.07549378275871277,
    0.9520748257637024,
    0.8773195147514343,
    0.9074074029922485
  ]
}