{
  "test": [
    0.07821305841207504,
    0.9439300894737244,
    0.866057813167572,
    0.9074074029922485
  ],
  "train": [
    0.04858054593205452,
    0.9830349683761597,
    0.8733706474304199,
    0.9006211161613464
  ],
  "valid": [
    0.05654303729534149,
    0.9675068259239197,
    0.9062557816505432,
    0.9259259104728699
  ]
}