{
  "test": [
    0.05445725843310356,
    0.9807955622673035,
    0.8981481194496155,
    0.9259259104728699
  ],
  "train": [
    0.037383757531642914,
    0.9924288988113403,
    0.9361751675605774,
    0.9503105878829956
  ],
  "valid": [
    0.09139084070920944,
    0.9290980696678162,
    0.7278487086296082,
    0.8148148059844971
  ]
}