{
  "test": [
    0.09025698900222778,
    0.9262192845344543,
    0.7359307408332825,
    0.7924528121948242
  ],
  "train": [
    0.045237477868795395,
    0.9902548789978027,
    0.916754424571991,
    0.9320987462997437
  ],
  "valid": [
    0.07190953195095062,
    0.9558471441268921,
    0.7877735495567322,
    0.8518518805503845
  ]
}