{
  "test": [
    0.06756594777107239,
    0.9523319602012634,
    0.8257220387458801,
    0.8703703880310059
  ],
  "train": [
    0.03489363193511963,
    0.9865015745162964,
    0.9305589199066162,
    0.9506173133850098
  ],
  "valid": [
    0.04846007749438286,
    0.9796190857887268,
    0.8529239296913147,
    0.8867924809455872
  ]
}