{
  "test": [
    0.07348569482564926,
    0.9554111957550049,
    0.7706632018089294,
    0.8301886916160583
  ],
  "train": [
    0.039412252604961395,
    0.9951607584953308,
    0.9245575070381165,
    0.9444444179534912
  ],
  "valid": [
    0.07619375735521317,
    0.9475308656692505,
    0.7620370388031006,
    0.8148148059844971
  ]
}