{
  "test": [
    0.09014126658439636,
    0.9366426467895508,
    0.6832612156867981,
    0.7962962985038757
  ],
  "train": [
    0.03341630846261978,
    0.9957756400108337,
    0.9360873699188232,
    0.9503105878829956
  ],
  "valid": [
    0.04294519126415253,
    0.9839677810668945,
    0.9488095641136169,
    0.9629629850387573
  ]
}