{
  "test": [
    0.06947736442089081,
    0.9682784676551819,
    0.8138889670372009,
    0.8703703880310059
  ],
  "train": [
    0.05709407851099968,
    0.9811956882476807,
    0.8563324809074402,
    0.8888888955116272
  ],
  "valid": [
    0.07741977274417877,
    0.9522072076797485,
    0.7295461297035217,
    0.7924528121948242
  ]
}