{
  "test": [
    0.06556861847639084,
    0.9630652070045471,
    0.7634153366088867,
    0.8301886916160583
  ],
  "train": [
    0.04594632610678673,
    0.9779378771781921,
    0.9083632826805115,
    0.9320987462997437
  ],
  "valid": [
    0.062104541808366776,
    0.9633058905601501,
    0.8452381491661072,
    0.8888888955116272
  ]
}