{
  "test": [
    0.10591407865285873,
    0.9328703880310059,
    0.7116801142692566,
    0.7962962985038757
  ],
  "train": [
    0.04162317141890526,
    0.9838739633560181,
    0.9132497906684875,
    0.9316770434379578
  ],
  "valid": [
    0.0559295192360878,
    0.9778807163238525,
    0.8420926928520203,
    0.8888888955116272
  ]
}