{
  "test": [
    0.051764290779829025,
    0.9771090745925903,
    0.8484127521514893,
    0.8888888955116272
  ],
  "train": [
    0.03640834242105484,
    0.996884822845459,
    0.9543085098266602,
    0.9689440727233887
  ],
  "valid": [
    0.05160436034202576,
    0.986797034740448,
    0.9232492446899414,
    0.9444444179534912
  ]
}