{
  "test": [
    0.10102729499340057,
    0.9198387861251831,
    0.7369608283042908,
    0.8148148059844971
  ],
  "train": [
    0.03847706317901611,
    0.9928650856018066,
    0.922085702419281,
    0.9444444179534912
  ],
  "valid": [
    0.08077368885278702,
    0.9443752765655518,
    0.7799686789512634,
    0.8301886916160583
  ]
}