{
  "test": [
    0.07658062875270844,
    0.9531894326210022,
    0.8042327761650085,
    0.8518518805503845
  ],
  "train": [
    0.04225360229611397,
    0.9900948405265808,
    0.9038548469543457,
    0.9254658222198486
  ],
  "valid": [
    0.06802858412265778,
    0.964506208896637,
    0.7587597966194153,
    0.8333333134651184
  ]
}